{
  "affine_saves": {
    "stickman__left_arm": {
      "p": [
        -0.1490750703150991,
        1.4730039321592008,
        0.3445298900995919
      ],
      "r": [
        1.5707963267948963,
        -6.591949208711867e-17,
        3.107099190209224,
        "XYZ"
      ],
      "s": [
        1,
        1,
        1
      ]
    },
    "stickman__right_arm": {
      "p": [
        0.06929681327684739,
        1.4695190794708457,
        0.3567038825355926
      ],
      "r": [
        1.5707963267948966,
        -2.7755575615628914e-17,
        -2.7697517962991642,
        "XYZ"
      ],
      "s": [
        1,
        1,
        1
      ]
    },
    "stickman": {
      "p": [
        0,
        0.3774660721764038,
        0
      ],
      "r": [
        3.141592653589793,
        0.11641770052849112,
        3.141592653589793,
        "XYZ"
      ],
      "s": [
        1,
        1,
        1
      ]
    },
    "gun": {
      "p": [
        -0.06191690161640195,
        1.45,
        0.43104288921884865
      ],
      "r": [
        0,
        0,
        0,
        "XYZ"
      ],
      "s": [
        0.05,
        0.05,
        0.05
      ]
    },
    "srbox_1780207762447": {
      "p": [
        -14.111545935161715,
        0.6313281838008167,
        12.805124055314385
      ],
      "r": [
        0,
        0,
        0,
        "XYZ"
      ],
      "s": [
        0.7300306576953062,
        0.6299653269354548,
        12.182160906907534
      ]
    },
    "srbox_1780208135905": {
      "p": [
        -45.49404375135853,
        1.7941799606426687,
        5.639567446300318
      ],
      "r": [
        0,
        0,
        0,
        "XYZ"
      ],
      "s": [
        53.04967321811442,
        1.8314317305079237,
        0.2578405170138265
      ]
    },
    "srbox_1780208358351": {
      "p": [
        -45.503707441839126,
        1.8207243757124734,
        19.981475948024677
      ],
      "r": [
        0,
        0,
        0,
        "XYZ"
      ],
      "s": [
        53.105290537416856,
        1.8342802867015735,
        0.2553864041107471
      ]
    },
    "srbox_1780208698005": {
      "p": [
        -77.36374418863817,
        1.7839899236881642,
        12.811167330534971
      ],
      "r": [
        0,
        1.5694738135682964,
        0,
        "XYZ"
      ],
      "s": [
        12.182200258568793,
        1.8506986867398294,
        0.2579029781486598
      ]
    },
    "wave_toggle_button": {
      "p": [
        -14.04208866017102,
        1.342509313310744,
        19.31585376620616
      ],
      "r": [
        0,
        1.515302266895202,
        0,
        "XYZ"
      ],
      "s": [
        1,
        1,
        1
      ]
    },
    "teapot_wave_zone": {
      "p": [
        -45.75130728133516,
        1.9878781398808631,
        12.52369148435524
      ],
      "r": [
        0,
        1.5678506692119032,
        0,
        "XYZ"
      ],
      "s": [
        2.053971793033357,
        0.8706827789371855,
        2.891110078119632
      ]
    }
  },
  "sr_boxes": [
    {
      "id": "srbox_1780207762447",
      "w": 1,
      "h": 1,
      "d": 1
    },
    {
      "id": "srbox_1780208135905",
      "w": 1,
      "h": 1,
      "d": 1
    },
    {
      "id": "srbox_1780208358351",
      "w": 1,
      "h": 1,
      "d": 1
    },
    {
      "id": "srbox_1780208698005",
      "w": 1,
      "h": 1,
      "d": 1
    }
  ]
}